{"cameraMode":{"drawMode":0,"name":"Shaded","section":"Shading Mode"},"sceneLighting":false,"audioPlay":false,"sceneViewState":{"m_AlwaysRefresh":false,"showFog":true,"showSkybox":false,"showFlares":true,"showImageEffects":true,"showParticleSystems":true,"showVisualEffectGraphs":true,"m_FxEnabled":true},"in2DMode":false,"pivot":{"x":-22.900781631469728,"y":-16.747156143188478,"z":-0.2182278335094452},"rotation":{"x":-0.34435492753982546,"y":0.6660846471786499,"z":-0.44493627548217776,"w":-0.49002066254615786},"size":28.72905731201172,"orthographic":false}