{"cameraMode":{"drawMode":0,"name":"Shaded","section":"Shading Mode"},"sceneLighting":false,"audioPlay":false,"sceneViewState":{"m_AlwaysRefresh":false,"showFog":true,"showSkybox":false,"showFlares":true,"showImageEffects":true,"showParticleSystems":true,"showVisualEffectGraphs":true,"m_FxEnabled":true},"in2DMode":false,"pivot":{"x":-12.734649658203125,"y":-153.81256103515626,"z":-10.386034965515137},"rotation":{"x":0.0002891510084737092,"y":0.7282319068908691,"z":-0.6852730512619019,"w":0.01658083312213421},"size":96.7186508178711,"orthographic":false}