{"cameraMode":{"drawMode":0,"name":"Shaded","section":"Shading Mode"},"sceneLighting":true,"audioPlay":false,"sceneViewState":{"m_AlwaysRefresh":false,"showFog":true,"showSkybox":true,"showFlares":true,"showImageEffects":true,"showParticleSystems":true,"showVisualEffectGraphs":true,"m_FxEnabled":true},"in2DMode":false,"pivot":{"x":10.391071319580079,"y":1.6934692859649659,"z":58.26191711425781},"rotation":{"x":-0.026564976200461389,"y":-0.9613295197486877,"z":0.09862986952066422,"w":-0.25612086057662966},"size":0.19756917655467988,"orthographic":false}