{"cameraMode":{"drawMode":0,"name":"Shaded","section":"Shading Mode"},"sceneLighting":true,"audioPlay":false,"sceneViewState":{"m_AlwaysRefresh":false,"showFog":true,"showSkybox":true,"showFlares":true,"showImageEffects":true,"showParticleSystems":true,"showVisualEffectGraphs":true,"m_FxEnabled":true},"in2DMode":false,"pivot":{"x":297.28387451171877,"y":-211.81771850585938,"z":-103.6882095336914},"rotation":{"x":0.004320996813476086,"y":-0.8528118133544922,"z":0.5222619771957398,"w":-0.014252244494855404},"size":147.16238403320313,"orthographic":false}