{"cameraMode":{"drawMode":0,"name":"Shaded","section":"Shading Mode"},"sceneLighting":false,"audioPlay":false,"sceneViewState":{"m_AlwaysRefresh":false,"showFog":true,"showSkybox":false,"showFlares":true,"showImageEffects":true,"showParticleSystems":true,"showVisualEffectGraphs":true,"m_FxEnabled":true},"in2DMode":false,"pivot":{"x":-19.149368286132814,"y":-205.95179748535157,"z":-12.904519081115723},"rotation":{"x":-0.03498465567827225,"y":0.7177932262420654,"z":-0.6952601075172424,"w":-0.020431792363524438},"size":117.0663833618164,"orthographic":false}