{"cameraMode":{"drawMode":0,"name":"Shaded","section":"Shading Mode"},"sceneLighting":false,"audioPlay":false,"sceneViewState":{"m_AlwaysRefresh":false,"showFog":true,"showSkybox":false,"showFlares":true,"showImageEffects":true,"showParticleSystems":true,"showVisualEffectGraphs":true,"m_FxEnabled":true},"in2DMode":false,"pivot":{"x":-0.005445264279842377,"y":1.0004420280456544,"z":-4.158905506134033},"rotation":{"x":-0.14892210066318513,"y":0.44163861870765688,"z":-0.07474469393491745,"w":-0.8816510438919067},"size":1.4163812398910523,"orthographic":false}