{"cameraMode":{"drawMode":0,"name":"Shaded","section":"Shading Mode"},"sceneLighting":false,"audioPlay":false,"sceneViewState":{"m_AlwaysRefresh":false,"showFog":true,"showSkybox":false,"showFlares":true,"showImageEffects":true,"showParticleSystems":true,"showVisualEffectGraphs":true,"m_FxEnabled":true},"in2DMode":false,"pivot":{"x":-0.04646134376525879,"y":0.7471851706504822,"z":-10.312491416931153},"rotation":{"x":-0.10721518099308014,"y":-0.7353771328926086,"z":0.11970981955528259,"w":-0.6583666801452637},"size":1.4157122373580933,"orthographic":false}