{"cameraMode":{"drawMode":0,"name":"Shaded","section":"Shading Mode"},"sceneLighting":false,"audioPlay":false,"sceneViewState":{"m_AlwaysRefresh":false,"showFog":true,"showSkybox":false,"showFlares":true,"showImageEffects":true,"showParticleSystems":true,"showVisualEffectGraphs":true,"m_FxEnabled":true},"in2DMode":false,"pivot":{"x":-0.01823335886001587,"y":0.2453751266002655,"z":-0.5867102146148682},"rotation":{"x":-0.47457581758499148,"y":-0.40532365441322329,"z":0.26112356781959536,"w":-0.7364644408226013},"size":0.5237482190132141,"orthographic":false}